Designator,Val,Package,Mid X,Mid Y,Rotation,Layer
C1,0.1uF,C_0402_1005Metric_Pad0.74x0.62mm_HandSolder,109.77559,-147.325121,90.0,top
C10,10uF,C_1206_3216Metric_Pad1.33x1.80mm_HandSolder,130.452089,-140.952089,90.0,top
C11,0.1uF,C_0402_1005Metric_Pad0.74x0.62mm_HandSolder,129.9325,-144.5,0.0,top
C12,0.1uF,C_0402_1005Metric_Pad0.74x0.62mm_HandSolder,138.5,-139.0,0.0,top
C13,1uF,C_1206_3216Metric_Pad1.33x1.80mm_HandSolder,138.5,-120.0,180.0,top
C14,22uF,C_1206_3216Metric_Pad1.33x1.80mm_HandSolder,141.575127,-115.5,0.0,top
C15,100uF,C_1206_3216Metric_Pad1.33x1.80mm_HandSolder,135.980147,-108.5,180.0,top
C16,100uF,C_1206_3216Metric_Pad1.33x1.80mm_HandSolder,135.980147,-106.0,0.0,top
C2,1uF,C_1206_3216Metric_Pad1.33x1.80mm_HandSolder,121.5,-122.0,90.0,top
C3,4.7uF,C_0805_2012Metric_Pad1.18x1.45mm_HandSolder,111.0,-118.5,180.0,top
C4,4.7uF,C_0805_2012Metric_Pad1.18x1.45mm_HandSolder,104.5375,-126.499873,0.0,top
C5,0.1uF,C_0805_2012Metric_Pad1.18x1.45mm_HandSolder,143.4625,-108.0,180.0,top
C6,0.1uF,C_0402_1005Metric_Pad0.74x0.62mm_HandSolder,109.5675,-153.5,180.0,top
C7,22uF,C_1206_3216Metric_Pad1.33x1.80mm_HandSolder,128.012627,-114.0,0.0,top
C8,22uF,C_1206_3216Metric_Pad1.33x1.80mm_HandSolder,131.075127,-107.0,90.0,top
C9,22uF,C_1206_3216Metric_Pad1.33x1.80mm_HandSolder,145.075,-111.5,90.0,top
L1,220nH,L_1210_3225Metric_Pad1.42x2.65mm_HandSolder,124.5,-108.5,90.0,top
L2,220nH,L_1210_3225Metric_Pad1.42x2.65mm_HandSolder,137.0,-112.5,90.0,top
R1,4.7k,R_0805_2012Metric_Pad1.20x1.40mm_HandSolder,145.0,-119.0,0.0,top
R10,10k,R_0805_2012Metric_Pad1.20x1.40mm_HandSolder,138.452089,-136.952089,0.0,top
R11,10k,R_0805_2012Metric_Pad1.20x1.40mm_HandSolder,134.5,-138.0,0.0,top
R12,1.5k,R_0402_1005Metric_Pad0.72x0.64mm_HandSolder,110.1375,-124.0,0.0,top
R13,1.5k,R_0402_1005Metric_Pad0.72x0.64mm_HandSolder,110.1375,-121.5,180.0,top
R14,1k,R_0402_1005Metric_Pad0.72x0.64mm_HandSolder,134.000127,-119.5,180.0,top
R15,3.3k,R_0402_1005Metric_Pad0.72x0.64mm_HandSolder,117.77559,-146.187621,90.0,top
R16,1.5k,R_0402_1005Metric_Pad0.72x0.64mm_HandSolder,109.0,-131.5,0.0,top
R17,1k,R_0402_1005Metric_Pad0.72x0.64mm_HandSolder,118.5,-101.999873,0.0,top
R18,2.7k,R_0603_1608Metric_Pad0.98x0.95mm_HandSolder,106.0925,-113.5,0.0,top
R19,10k,R_0805_2012Metric_Pad1.20x1.40mm_HandSolder,131.000127,-122.500076,180.0,top
R2,2.7k,R_0603_1608Metric_Pad0.98x0.95mm_HandSolder,109.0,-127.5,0.0,top
R3,3.3k,R_0402_1005Metric_Pad0.72x0.64mm_HandSolder,117.77559,-149.187621,90.0,top
R4,10k,R_0805_2012Metric_Pad1.20x1.40mm_HandSolder,118.5,-117.999873,-90.0,top
R5,2.7k,R_0603_1608Metric_Pad0.98x0.95mm_HandSolder,119.5675,-109.999873,0.0,top
R6,4.7k,R_0805_2012Metric_Pad1.20x1.40mm_HandSolder,119.0,-112.499873,0.0,top
R7,10k,R_0805_2012Metric_Pad1.20x1.40mm_HandSolder,114.5,-153.5,0.0,top
R8,9.1k,R_0603_1608Metric_Pad0.98x0.95mm_HandSolder,139.5875,-107.5,90.0,top
R9,1k,R_0402_1005Metric_Pad0.72x0.64mm_HandSolder,142.4025,-106.5,0.0,top
U1,INA219AIDCNR,SOT-23-8_L3.0-W1.7-P0.65-LS2.8-BR,113.27559,-146.325121,180.0,top
U10,TPS63031DSKR,SON-10_L2.5-W2.5-P0.50-TL-EP,128.107607,-111.0,0.0,top
U11,CH224K,ESSOP-10_L4.9-W3.9-P1.0-LS6.0-TL-EP,140.000127,-125.0,-90.0,top
U12,TYPE-C-31-M-17,USB-C-SMD_10P-P1.00-L6.8-W8.9,150.099962,-124.179959,90.0,top
U2,BQ24074RGTR,QFN-16_L3.0-W3.0-P0.50-TL-EP1.7,117.5,-122.249809,-90.0,top
U3,AO3400A,SOT-23-3_L2.9-W1.3-P1.90-LS2.4-BR,114.5,-107.999873,180.0,top
U4,TPS63061DSCR,WSON-10_L3.0-W3.0-P0.50-BL-EP-A,141.575254,-111.5,0.0,top
U5,MT-0-102-A101-M200-RS+PJ,SW-TH_MT-0-103-A101-M200-RS,140.875102,-96.5,0.0,top
U6,TPS2052BDR,SOIC-8_L4.9-W3.9-P1.27-LS6.0-BL,136.452089,-141.952089,-90.0,top
U7,SN74HC04PWR,TSSOP-14_L5.0-W4.4-P0.65-LS6.4-BL,138.699898,-148.949962,0.0,top
U8,"TB6612FNG,C,8,EL",SSOP-24_L8.3-W5.6-P0.65-LS7.6-BL,138.937897,-157.650114,0.0,top
U9,DRV8833PWR,TSSOP-16_L5.0-W4.4-P0.65-LS6.4-BL,110.0,-159.0,0.0,top
