"Reference","Qty","Value","Exclude from BOM","Exclude from Board","Footprint","LCSC","LCSS","LCSc"
"C1,C6,C11,C12","4","0.1uF","","","Capacitor_SMD:C_0402_1005Metric_Pad0.74x0.62mm_HandSolder","C1525","",""
"C2,C13","2","1uF","","","Capacitor_SMD:C_0603_1608Metric_Pad1.08x0.95mm_HandSolder","C1592","",""
"C3,C4","2","4.7uF","","","Capacitor_SMD:C_0805_2012Metric_Pad1.18x1.45mm_HandSolder","C1779","",""
"C5","1","0.1uF","","","Capacitor_SMD:C_0805_2012Metric_Pad1.18x1.45mm_HandSolder","","",""
"C7,C8,C9,C14","4","22uF","","","Capacitor_SMD:C_1206_3216Metric_Pad1.33x1.80mm_HandSolder","C12891","",""
"C10","1","10uF","","","Capacitor_SMD:C_1206_3216Metric_Pad1.33x1.80mm_HandSolder","C7171","",""
"C15,C16","2","100uF","","","Capacitor_SMD:C_1206_3216Metric_Pad1.33x1.80mm_HandSolder","C15008","",""
"H1","1","MountingHole","Excluded from BOM","","MountingHole:MountingHole_3.2mm_M3","","",""
"J1","1","Conn_02x16_Odd_Even","Excluded from BOM","","Connector_PinHeader_2.54mm:PinHeader_2x16_P2.54mm_Vertical","","",""
"J2","1","Conn_01x02","Excluded from BOM","","Connector_JST:JST_PH_S2B-PH-K_1x02_P2.00mm_Horizontal","","",""
"JP1,JP3,JP4,JP7,JP9,JP12,JP15,JP16,JP19","9","Jumper_2_Open","","","Jumper:SolderJumper-2_P1.3mm_Open_Pad1.0x1.5mm","","",""
"JP2,JP5,JP6,JP8,JP10,JP11,JP13,JP14,JP17,JP18,JP20,JP21,JP22,JP23,JP24,JP25","16","Jumper_2_Bridged","","","Jumper:SolderJumper-2_P1.3mm_Bridged_Pad1.0x1.5mm","","",""
"L1,L2","2","220nH","","","Inductor_SMD:L_1210_3225Metric_Pad1.42x2.65mm_HandSolder","C6886213","",""
"R1,R6","2","4.7k","","","Resistor_SMD:R_0805_2012Metric_Pad1.20x1.40mm_HandSolder","C17673","",""
"R2,R5,R18","3","2.7k","","","Resistor_SMD:R_0603_1608Metric_Pad0.98x0.95mm_HandSolder","C13167","",""
"R3,R15","2","3.3k","","","Resistor_SMD:R_0402_1005Metric_Pad0.72x0.64mm_HandSolder","C25890","",""
"R4,R7,R10,R11,R19","5","10k","","","Resistor_SMD:R_0805_2012Metric_Pad1.20x1.40mm_HandSolder","C17414","",""
"R8","1","9.1k","","","Resistor_SMD:R_0603_1608Metric_Pad0.98x0.95mm_HandSolder","C23260","",""
"R9,R14,R17","3","1k","","","Resistor_SMD:R_0402_1005Metric_Pad0.72x0.64mm_HandSolder","C11702","",""
"R12,R13,R16","3","1.5k","","","Resistor_SMD:R_0402_1005Metric_Pad0.72x0.64mm_HandSolder","C25867","",""
"R_shunt1","1","0.2","","","Resistor_SMD:R_1206_3216Metric_Pad1.30x1.75mm_HandSolder","C25335","",""
"TP1,TP2,TP3,TP4,TP5,TP6,TP7,TP8,TP9,TP10,TP14,TP15,TP17","13","TestPoint","","","TestPoint:TestPoint_Pad_1.0x1.0mm","","",""
"U1","1","INA219AIDCNR","","","BQ24074RGTR:SOT-23-8_L3.0-W1.7-P0.65-LS2.8-BR","C87469","",""
"U2","1","BQ24074RGTR","","","BQ24074RGTR:QFN-16_L3.0-W3.0-P0.50-TL-EP1.7","C54313","",""
"U3","1","AO3400A","","","BQ24074RGTR:SOT-23-3_L2.9-W1.3-P1.90-LS2.4-BR","C20917","",""
"U4","1","TPS63061DSCR","","","BQ24074RGTR:WSON-10_L3.0-W3.0-P0.50-BL-EP-A","C2876326","",""
"U5","1","MT-0-102-A101-M200-RS+PJ","","","BQ24074RGTR:SW-TH_MT-0-103-A101-M200-RS","C1788492","",""
"U6","1","TPS2052BDR","","","BQ24074RGTR:SOIC-8_L4.9-W3.9-P1.27-LS6.0-BL","C130049","",""
"U7","1","SN74HC04PWR","","","BQ24074RGTR:TSSOP-14_L5.0-W4.4-P0.65-LS6.4-BL","C6810","",""
"U8","1","TB6612FNG,C,8,EL","","","BQ24074RGTR:SSOP-24_L8.3-W5.6-P0.65-LS7.6-BL","C141517","",""
"U9","1","DRV8833PWR","","","BQ24074RGTR:TSSOP-16_L5.0-W4.4-P0.65-LS6.4-BL","C544801","",""
"U10","1","TPS63031DSKR","","","BQ24074RGTR:SON-10_L2.5-W2.5-P0.50-TL-EP","C15516","",""
"U11","1","CH224K","","","BQ24074RGTR:ESSOP-10_L4.9-W3.9-P1.0-LS6.0-TL-EP","C970725","",""
"U12","1","TYPE-C-31-M-17","Excluded from BOM","","BQ24074RGTR:USB-C-SMD_10P-P1.00-L6.8-W8.9","C283540","",""
