Comment,Designator,Footprint,LCSC,Quantity
1k,"R14,R17,R9",R_0402_1005Metric_Pad0.72x0.64mm_HandSolder,C11702,3
22uF,"C14,C7,C8,C9",C_1206_3216Metric_Pad1.33x1.80mm_HandSolder,C12891,4
TPS2052BDR,U6,SOIC-8_L4.9-W3.9-P1.27-LS6.0-BL,C130049,1
2.7k,"R18,R2,R5",R_0603_1608Metric_Pad0.98x0.95mm_HandSolder,C13167,3
"TB6612FNG,C,8,EL",U8,SSOP-24_L8.3-W5.6-P0.65-LS7.6-BL,C141517,1
100uF,"C15,C16",C_1206_3216Metric_Pad1.33x1.80mm_HandSolder,C15008,2
0.1uF,"C1,C11,C12,C6",C_0402_1005Metric_Pad0.74x0.62mm_HandSolder,C1525,4
TPS63031DSKR,U10,SON-10_L2.5-W2.5-P0.50-TL-EP,C15516,1
10k,"R10,R11,R19,R4,R7",R_0805_2012Metric_Pad1.20x1.40mm_HandSolder,C17414,5
4.7k,"R1,R6",R_0805_2012Metric_Pad1.20x1.40mm_HandSolder,C17673,2
4.7uF,"C3,C4",C_0805_2012Metric_Pad1.18x1.45mm_HandSolder,C1779,2
MT-0-102-A101-M200-RS+PJ,U5,SW-TH_MT-0-103-A101-M200-RS,C1788492,1
1uF,"C13,C2",C_1206_3216Metric_Pad1.33x1.80mm_HandSolder,C1848,2
AO3400A,U3,SOT-23-3_L2.9-W1.3-P1.90-LS2.4-BR,C20917,1
9.1k,R8,R_0603_1608Metric_Pad0.98x0.95mm_HandSolder,C23260,1
1.5k,"R12,R13,R16",R_0402_1005Metric_Pad0.72x0.64mm_HandSolder,C25867,3
3.3k,"R15,R3",R_0402_1005Metric_Pad0.72x0.64mm_HandSolder,C25890,2
TYPE-C-31-M-17,U12,USB-C-SMD_10P-P1.00-L6.8-W8.9,C283540,1
TPS63061DSCR,U4,WSON-10_L3.0-W3.0-P0.50-BL-EP-A,C2876326,1
BQ24074RGTR,U2,QFN-16_L3.0-W3.0-P0.50-TL-EP1.7,C54313,1
DRV8833PWR,U9,TSSOP-16_L5.0-W4.4-P0.65-LS6.4-BL,C544801,1
SN74HC04PWR,U7,TSSOP-14_L5.0-W4.4-P0.65-LS6.4-BL,C6810,1
220nH,"L1,L2",L_1210_3225Metric_Pad1.42x2.65mm_HandSolder,C6886213,2
10uF,C10,C_1206_3216Metric_Pad1.33x1.80mm_HandSolder,C7171,1
INA219AIDCNR,U1,SOT-23-8_L3.0-W1.7-P0.65-LS2.8-BR,C87469,1
CH224K,U11,ESSOP-10_L4.9-W3.9-P1.0-LS6.0-TL-EP,C970725,1
0.1uF,C5,C_0805_2012Metric_Pad1.18x1.45mm_HandSolder,,1
